Year,Month,Season,Location,Temp,COD,BOD,TSS,P,NH4,NO2,NO3
2017,Dekabr,qish,Downstream,10.2,6,1.6,95.1,0.005,0.189,0.025,1.319
2017,Yanvar,qish,Downstream,10,5.44,1.34,82.5,0.004,0.19,0.025,1.063
2017,Fevral,qish,Downstream,6.5,8.42,1.47,127.2,0.006,0.101,0.025,0.948
2017,Mart,bahor,Downstream,12,3.96,1.74,241.7,0.009,0.305,0.036,1.945
2017,Aprel,bahor,Downstream,10.1,4.32,1.51,186.3,0.011,0.247,0.034,1.834
2017,May,bahor,Downstream,12.7,5.49,1.7,205.9,0.013,0.258,0.041,1.741
2017,Iyun,yoz,Downstream,19.3,5.32,1.56,98.2,0.004,0.526,0.028,2.77
2017,Iyul,yoz,Downstream,18,5.06,1.6,113.4,0.004,0.48,0.029,2.331
2017,Avgust,yoz,Downstream,15.5,5.58,1.67,95.3,0.004,0.374,0.036,2.609
2017,Sentyabr,kuz,Downstream,20,9.16,1.66,13.3,0.011,0.092,0.057,2.2
2017,Oktyabr,kuz,Downstream,19.4,7.28,1.8,12.1,0.013,0.103,0.064,1.603
2017,Noyabr,kuz,Downstream,12.5,9.54,1.37,13.6,0.015,0.075,0.059,1.717
2018,Dekabr,qish,Downstream,10.8,6.61,1.55,35.4,0.011,0.344,0.035,1.47
2018,Yanvar,qish,Downstream,13.2,6.29,2.13,36.4,0.01,0.382,0.039,1.343
2018,Fevral,qish,Downstream,10.2,7.86,2.11,36.2,0.015,0.264,0.052,1.627
2018,Mart,bahor,Downstream,15.4,4.09,1.82,50.8,0.012,0.225,0.04,1.234
2018,Aprel,bahor,Downstream,14,4.18,1.74,58.4,0.014,0.21,0.043,1.457
2018,May,bahor,Downstream,11.1,5.95,1.36,49.8,0.013,0.225,0.049,1.599
2018,Iyun,yoz,Downstream,21.6,5.98,1.24,12.8,0.016,0.03,0.052,2.161
2018,Iyul,yoz,Downstream,23.5,6.45,1.19,14.1,0.017,0.029,0.049,2.363
2018,Avgust,yoz,Downstream,23.9,8,1.68,12.1,0.021,0.031,0.061,2.496
2018,Sentyabr,kuz,Downstream,11.7,6.74,1.61,31.9,0.006,0.131,0.014,1.309
2018,Oktyabr,kuz,Downstream,15.3,7.65,1.75,31.4,0.008,0.136,0.017,1.137
2018,Noyabr,kuz,Downstream,12,5.83,1.32,22.5,0.007,0.153,0.017,0.944
2019,Dekabr,qish,Downstream,9.6,9.78,1.73,35.8,0.098,0.336,0.066,0.597
2019,Yanvar,qish,Downstream,8.9,7.77,1.93,36.6,0.109,0.368,0.068,0.619
2019,Fevral,qish,Downstream,7.6,10.89,1.74,45.5,0.123,0.406,0.061,0.734
2019,Mart,bahor,Downstream,20.3,8.79,1.38,71,0.049,0.058,0.049,2.042
2019,Aprel,bahor,Downstream,18,7.97,1.42,72.9,0.051,0.068,0.049,1.87
2019,May,bahor,Downstream,17.5,7.63,1.55,81.1,0.047,0.054,0.064,1.908
2019,Iyun,yoz,Downstream,27.6,9.58,1.48,6.9,0.018,0.168,0.027,1.269
2019,Iyul,yoz,Downstream,26.4,9.84,1.55,7.6,0.021,0.148,0.027,1.269
2019,Avgust,yoz,Downstream,24.3,13.55,1.89,8.5,0.018,0.134,0.024,1.512
2019,Sentyabr,kuz,Downstream,12.8,9.22,1.34,8.4,0.043,0.102,0.054,3.216
2019,Oktyabr,kuz,Downstream,16.1,9.09,1.97,8.8,0.044,0.1,0.054,3.396
2019,Noyabr,kuz,Downstream,14.9,13.04,1.67,6.8,0.075,0.068,0.066,3.348
2021,Dekabr,qish,Downstream,6.2,11.71,2.08,11.6,0.207,0.375,0.143,1.607
2021,Yanvar,qish,Downstream,7.2,15.59,1.64,14.6,0.148,0.421,0.12,1.966
2021,Fevral,qish,Downstream,9.6,12,1.5,11.6,0.179,0.524,0.094,2.247
2021,Mart,bahor,Downstream,13.1,7.81,1.8,76.4,0.024,0.147,0.045,1.512
2021,Aprel,bahor,Downstream,14.2,10.35,1.67,76.3,0.024,0.119,0.047,1.316
2021,May,bahor,Downstream,13.8,9.29,1.27,90.3,0.018,0.124,0.064,1.432
2021,Iyun,yoz,Downstream,26.4,11.72,1.78,29,0.067,0.171,0.189,3.121
2021,Iyul,yoz,Downstream,23.9,12.8,1.76,28.3,0.068,0.166,0.171,3.498
2021,Avgust,yoz,Downstream,28.3,12.98,1.32,36.6,0.09,0.113,0.225,2.531
2021,Sentyabr,kuz,Downstream,14.6,14.69,1.73,56.8,0.143,0.24,0.095,1.815
2021,Oktyabr,kuz,Downstream,15.3,11.58,1.76,63,0.115,0.186,0.112,1.985
2021,Noyabr,kuz,Downstream,10.6,11.83,1.13,45.2,0.159,0.264,0.102,1.36
2022,Dekabr,qish,Downstream,7.4,8.13,1.73,33.3,0.132,0.167,0.087,0.471
2022,Yanvar,qish,Downstream,10.3,7.86,1.72,29.9,0.137,0.16,0.075,0.479
2022,Fevral,qish,Downstream,9.6,12.06,0.99,21.7,0.109,0.153,0.084,0.28
2022,Mart,bahor,Downstream,18.7,6.46,2.13,36.5,0.007,0.127,0.089,1.627
2022,Aprel,bahor,Downstream,20.1,4.97,2.17,40.8,0.008,0.142,0.099,1.521
2022,May,bahor,Downstream,26.6,6.12,2.33,47.5,0.006,0.151,0.094,1.652
2022,Iyun,yoz,Downstream,22.4,13.6,1.69,23.1,0.026,0.098,0.066,0.592
2022,Iyul,yoz,Downstream,24.8,17.71,1.36,29.1,0.029,0.106,0.055,0.674
2022,Avgust,yoz,Downstream,22.1,15.49,1.51,28.8,0.035,0.096,0.068,0.654
2022,Sentyabr,kuz,Downstream,14.5,10.19,1.4,525.6,0.061,0.614,0.122,1.6
2022,Oktyabr,kuz,Downstream,13.8,10.2,1.38,507.4,0.042,0.53,0.134,1.445
2022,Noyabr,kuz,Downstream,17.6,14.41,2.08,647,0.05,0.476,0.164,1.155
2023,Dekabr,qish,Downstream,8.8,10.78,1.7,51.9,0.116,1.067,0.116,1.71
2023,Yanvar,qish,Downstream,8.6,12.84,1.69,38.6,0.135,0.885,0.116,1.388
2023,Fevral,qish,Downstream,12,9.98,1.59,44.5,0.157,0.838,0.089,1.642
2023,Mart,bahor,Downstream,14.2,13.37,1.61,41.1,0.111,0,0.121,2.146
2023,Aprel,bahor,Downstream,17.4,11.01,1.71,35.9,0.127,0,0.099,1.981
2023,May,bahor,Downstream,15.8,12.22,1.84,46,0.095,0,0.113,1.753
2023,Iyun,yoz,Downstream,18.6,14.99,1.6,12.7,0.16,0.113,0.031,0.67
2023,Iyul,yoz,Downstream,19.3,16.56,1.25,15.6,0.139,0.126,0.034,0.576
2023,Avgust,yoz,Downstream,19.7,15.25,1.35,13.7,0.16,0.091,0.04,0.764
2023,Sentyabr,kuz,Downstream,17.2,13.58,1.95,48.9,0.084,0.356,0.135,1.134
2023,Oktyabr,kuz,Downstream,14.8,10.28,1.54,48.9,0.093,0.325,0.108,1.322
2023,Noyabr,kuz,Downstream,17.5,10.64,1.43,41.1,0.069,0.399,0.15,1.474
2024,Dekabr,qish,Downstream,7.1,6.53,1.82,32,0.008,0.583,0.03,0.535
2024,Yanvar,qish,Downstream,6.8,8.81,2.14,25.3,0.009,0.569,0.035,0.502
2024,Fevral,qish,Downstream,6.5,6.86,2.88,37.2,0.01,0.888,0.031,0.523
2024,Mart,bahor,Downstream,20.2,0,1.84,251.9,0.022,0.135,0.064,1.547
2024,Aprel,bahor,Downstream,20.7,0,1.53,297.8,0.017,0.106,0.049,1.53
2024,May,bahor,Downstream,18.5,0,1.7,235.1,0.018,0.119,0.058,1.543
2024,Iyun,yoz,Downstream,20.7,4.43,2.46,30.9,0.007,0.298,0.121,0.883
2024,Iyul,yoz,Downstream,19.7,5.67,2.04,32.5,0.008,0.3,0.118,0.837
2024,Avgust,yoz,Downstream,19.6,5.53,2.52,23.6,0.009,0.392,0.139,0.86
2024,Sentyabr,kuz,Downstream,11.8,9.76,3.71,29.1,0.009,0.11,0.171,0.543
2024,Oktyabr,kuz,Downstream,12,13.67,3.38,27.8,0.012,0.083,0.16,0.403
2024,Noyabr,kuz,Downstream,20.3,12.39,3.05,25.6,0.009,0.107,0.149,0.434
